{
  "total_samples": 10000,
  "valid_predictions": 7973,
  "no_winner_count": 2027,
  "no_winner_rate": 20.27,
  "accuracies": {
    "ensemble": 91.83494293239683,
    "natural": 85.43000221252441,
    "high_variance": 76.46999955177307,
    "low_variance": 10.000000149011612
  },
  "agreement": {
    "natural_high_variance": 75.62999725341797,
    "natural_low_variance": 10.369999706745148,
    "high_low_variance": 9.17000025510788,
    "all_three": 7.720000296831131
  },
  "config": {
    "cutoff_radius": 5,
    "voting_mode": "weak",
    "dataset": "natural",
    "split": "test",
    "adversarial_type": null,
    "adversarial_model": null,
    "batch_size": 128,
    "timestamp": "2025-12-01T14:19:22.571104"
  }
}