{
  "total_samples": 10000,
  "valid_predictions": 6087,
  "no_winner_count": 3913,
  "no_winner_rate": 39.129999999999995,
  "accuracies": {
    "ensemble": 70.1987842943979,
    "natural": 44.690001010894775,
    "high_variance": 68.50000023841858,
    "low_variance": 10.000000149011612
  },
  "agreement": {
    "natural_high_variance": 54.93000149726868,
    "natural_low_variance": 8.410000056028366,
    "high_low_variance": 7.71000012755394,
    "all_three": 5.090000107884407
  },
  "config": {
    "cutoff_radius": 10,
    "voting_mode": "weak",
    "dataset": "adversarial",
    "split": "test",
    "adversarial_type": "fgsm",
    "adversarial_model": "natural",
    "batch_size": 128,
    "timestamp": "2025-12-01T14:11:11.403168"
  }
}