{
  "total_samples": 10000,
  "valid_predictions": 5558,
  "no_winner_count": 4442,
  "no_winner_rate": 44.42,
  "accuracies": {
    "ensemble": 49.028427491903564,
    "natural": 44.679999351501465,
    "high_variance": 38.58000040054321,
    "low_variance": 14.090000092983246
  },
  "agreement": {
    "natural_high_variance": 32.82000124454498,
    "natural_low_variance": 14.9399995803833,
    "high_low_variance": 24.68000054359436,
    "all_three": 8.429999649524689
  },
  "config": {
    "cutoff_radius": 5,
    "voting_mode": "weak",
    "dataset": "adversarial",
    "split": "test",
    "adversarial_type": "fgsm",
    "adversarial_model": "natural",
    "batch_size": 128,
    "timestamp": "2025-12-09T12:41:52.989329"
  }
}