{
  "total_samples": 10000,
  "valid_predictions": 5203,
  "no_winner_count": 4797,
  "no_winner_rate": 47.97,
  "accuracies": {
    "ensemble": 42.93676724966365,
    "natural": 23.729999363422394,
    "high_variance": 45.210000872612,
    "low_variance": 14.830000698566437
  },
  "agreement": {
    "natural_high_variance": 28.9900004863739,
    "natural_low_variance": 14.659999310970306,
    "high_low_variance": 21.84000015258789,
    "all_three": 6.729999929666519
  },
  "config": {
    "cutoff_radius": 10,
    "voting_mode": "weak",
    "dataset": "adversarial",
    "split": "test",
    "adversarial_type": "pgd",
    "adversarial_model": "natural",
    "batch_size": 128,
    "timestamp": "2025-12-09T12:24:41.914698"
  }
}