{
  "total_samples": 10000,
  "valid_predictions": 8249,
  "no_winner_count": 1751,
  "no_winner_rate": 17.51,
  "accuracies": {
    "ensemble": 90.03515577645776,
    "natural": 85.43000221252441,
    "high_variance": 75.7099986076355,
    "low_variance": 30.01999855041504
  },
  "agreement": {
    "natural_high_variance": 73.40999841690063,
    "natural_low_variance": 30.329999327659607,
    "high_low_variance": 28.65000069141388,
    "all_three": 24.950000643730164
  },
  "config": {
    "cutoff_radius": 5,
    "voting_mode": "weak",
    "dataset": "natural",
    "split": "test",
    "adversarial_type": null,
    "adversarial_model": null,
    "batch_size": 128,
    "timestamp": "2025-12-09T12:28:57.663828"
  }
}