{
  "total_samples": 10000,
  "valid_predictions": 5724,
  "no_winner_count": 4276,
  "no_winner_rate": 42.76,
  "accuracies": {
    "ensemble": 56.21942697414396,
    "natural": 44.679999351501465,
    "high_variance": 45.60000002384186,
    "low_variance": 15.160000324249268
  },
  "agreement": {
    "natural_high_variance": 39.01999890804291,
    "natural_low_variance": 15.539999306201935,
    "high_low_variance": 21.799999475479126,
    "all_three": 9.560000151395798
  },
  "config": {
    "cutoff_radius": 10,
    "voting_mode": "weak",
    "dataset": "adversarial",
    "split": "test",
    "adversarial_type": "fgsm",
    "adversarial_model": "natural",
    "batch_size": 128,
    "timestamp": "2025-12-09T12:50:00.828619"
  }
}