{
  "total_samples": 10000,
  "valid_predictions": 9294,
  "no_winner_count": 706,
  "no_winner_rate": 7.06,
  "accuracies": {
    "ensemble": 90.43468904669679,
    "natural": 85.43000221252441,
    "high_variance": 81.84999823570251,
    "low_variance": 70.75999975204468
  },
  "agreement": {
    "natural_high_variance": 79.22999858856201,
    "natural_low_variance": 67.86999702453613,
    "high_low_variance": 66.43999814987183,
    "all_three": 60.29999852180481
  },
  "config": {
    "cutoff_radius": 15,
    "voting_mode": "weak",
    "dataset": "natural",
    "split": "test",
    "adversarial_type": null,
    "adversarial_model": null,
    "batch_size": 128,
    "timestamp": "2025-12-09T12:34:03.415966"
  }
}