{
  "total_samples": 10000,
  "valid_predictions": 7021,
  "no_winner_count": 2979,
  "no_winner_rate": 29.79,
  "accuracies": {
    "ensemble": 56.402221905711436,
    "natural": 44.679999351501465,
    "high_variance": 44.850000739097595,
    "low_variance": 35.64000129699707
  },
  "agreement": {
    "natural_high_variance": 41.040000319480896,
    "natural_low_variance": 33.30000042915344,
    "high_low_variance": 38.53000104427338,
    "all_three": 21.330000460147858
  },
  "config": {
    "cutoff_radius": 15,
    "voting_mode": "weak",
    "dataset": "adversarial",
    "split": "test",
    "adversarial_type": "fgsm",
    "adversarial_model": "natural",
    "batch_size": 128,
    "timestamp": "2025-12-09T12:57:37.220751"
  }
}